<?xml version="1.0" encoding="UTF-8"?>
<project-private xmlns="http://www.netbeans.org/ns/project-private/1">
    <editor-bookmarks xmlns="http://www.netbeans.org/ns/editor-bookmarks/2" lastBookmarkId="0"/>
    <open-files xmlns="http://www.netbeans.org/ns/projectui-open-files/2">
        <group>
            <file>file:/C:/Users/admin/Documents/NetBeansProjects/conexion_BD_Proyecto1/src/conexion_bd_proyecto1/EditarOpciones.java</file>
            <file>file:/C:/Users/admin/Documents/NetBeansProjects/conexion_BD_Proyecto1/src/Data_Access_Layer/DA_Nationality.java</file>
            <file>file:/C:/Users/admin/Documents/NetBeansProjects/conexion_BD_Proyecto1/src/Data_Access_Layer/DA_Parameterizable.java</file>
            <file>file:/C:/Users/admin/Documents/NetBeansProjects/conexion_BD_Proyecto1/src/conexion_bd_proyecto1/EditCrearPaisNacionalidad.java</file>
            <file>file:/C:/Users/admin/Documents/NetBeansProjects/conexion_BD_Proyecto1/src/conexion_bd_proyecto1/OpcionesAdministradorNN.java</file>
            <file>file:/C:/Users/admin/Documents/NetBeansProjects/conexion_BD_Proyecto1/src/Business_Logic_Layer/Nationality.java</file>
            <file>file:/C:/Users/admin/Documents/NetBeansProjects/conexion_BD_Proyecto1/src/conexion_bd_proyecto1/EditCrearEliminarCategoria.java</file>
            <file>file:/C:/Users/admin/Documents/NetBeansProjects/conexion_BD_Proyecto1/src/Value_Object/TableNationality.java</file>
            <file>file:/C:/Users/admin/Documents/NetBeansProjects/conexion_BD_Proyecto1/src/conexion_bd_proyecto1/AgregarEliminarNacionalidad.java</file>
        </group>
    </open-files>
</project-private>
